Date,Close,Volume,7-Day_MA,Prediction,Accuracy
2026-09-03,81271.74,40504199354,,85596.55535632183,55.51459206717212
2026-09-04,79671.97,37501874897,,85596.55535632183,55.51459206717212
2026-09-05,79823.87,18559708494,,85596.55535632183,55.51459206717212
2026-09-06,80350.05,19391863269,,85596.55535632183,55.51459206717212
2026-09-07,79115.85,23414434445,,85596.55535632183,55.51459206717212
2026-09-08,78438.58,34680168667,,85596.55535632183,55.51459206717212
2026-09-09,78259.52,29192409298,79561.65,85596.55535632183,55.51459206717212
2026-09-10,76568.12,30120111719,78889.71,85596.55535632183,55.51459206717212
2026-09-11,77173.8,37410998193,78532.83,85596.55535632183,55.51459206717212
2026-09-12,77270.47,12664765797,78168.06,85596.55535632183,55.51459206717212
2026-09-13,76838.16,13607872549,77666.36,85596.55535632183,55.51459206717212
2026-09-14,78163.38,29909358382,77530.29,85596.55535632183,55.51459206717212
2026-09-15,75612.51,39694675220,77126.57,85596.55535632183,55.51459206717212
2026-09-16,76150.32,30053315577,76825.25,85596.55535632183,55.51459206717212
2026-09-17,76403.77,21917458567,76801.77,85596.55535632183,55.51459206717212
2026-09-18,80901.46,40378562386,77334.3,85596.55535632183,55.51459206717212
2026-09-19,81233.68,20505634866,77900.47,85596.55535632183,55.51459206717212
2026-09-20,81142.61,21259753701,78515.39,85596.55535632183,55.51459206717212
2026-09-21,86602.91,57676223471,79721.04,85596.55535632183,55.51459206717212
2026-09-22,86172.28,40800687783,81229.58,85596.55535632183,55.51459206717212
2026-09-23,84383.01,46088463341,82405.68,85596.55535632183,55.51459206717212
2026-09-24,84379.06,37106744985,83545.0,85596.55535632183,55.51459206717212
2026-09-25,84034.92,34118533914,83992.64,85596.55535632183,55.51459206717212
2026-09-26,84406.45,15169336375,84445.89,85596.55535632183,55.51459206717212
2026-09-27,84458.09,19386591468,84919.53,85596.55535632183,55.51459206717212
2026-09-28,83502.61,42589028679,84476.63,85596.55535632183,55.51459206717212
2026-09-29,83622.43,28029782264,84112.37,85596.55535632183,55.51459206717212
2026-09-30,83553.85,36290317874,83993.92,85596.55535632183,55.51459206717212
2026-10-01,84853.1,32802609098,84061.64,85596.55535632183,55.51459206717212
2026-10-02,84497.21,46528418756,84127.68,85596.55535632183,55.51459206717212
2026-10-03,84844.45,29130332160,84190.25,85596.55535632183,55.51459206717212
